SNP,A1,A2,freq,beta,se,p,N,PIP,CS
19:18851252:G:A,A,G,0.398608,-0.0204196,0.0168211,0.2248,778614,0,0
19:18851377:G:A,A,G,0.031809,-0.0410658,0.0375664,0.2743,778614,0,0
19:18853633:C:T,T,C,0.394632,-0.0202787,0.0167779,0.2268,778614,0,0
19:18853701:G:A,A,G,0.394632,-0.0203738,0.0167867,0.2249,778614,0,0
19:18854146:G:T,T,G,0.822068,0.029286,0.0204205,0.1515,778614,0,0
19:18855350:G:A,A,G,0.029821,0.0790357,0.0355482,0.02619,778614,0,0
19:18856912:C:T,T,C,0.031809,-0.043775,0.0372136,0.2395,778614,0,0
19:18857879:G:T,T,G,0.04175,-0.0097508,0.0391529,0.8033,778614,0,0
19:18858780:C:T,T,C,0.042744,-0.0046207,0.049543,0.9257,778614,0,0
19:18859024:G:A,A,G,0.030815,0.0973116,0.0449621,0.03044,778614,0,0
19:18859548:G:A,A,G,0.894632,0.0232814,0.025089,0.3534,778614,0,0
19:18859971:C:T,T,C,0.04175,-0.0047721,0.0495385,0.9233,778614,0,0
19:18860665:C:T,T,C,0.04175,-0.0049367,0.0495352,0.9206,778614,0,0
19:18861071:G:A,A,G,0.031809,-0.0445717,0.0372159,0.2311,778614,0,0
19:18861373:C:T,T,C,0.036779,0.0651528,0.0420553,0.1213,778614,0,0
19:18861549:C:A,A,C,0.202783,-0.020876,0.0210297,0.3209,778614,0,0
19:18861925:G:T,T,G,0.031809,-0.0442391,0.0371957,0.2343,778614,0,0
19:18862629:T:A,A,T,0.895626,0.0240174,0.0250273,0.3372,778614,0,0
19:18863250:G:C,C,G,0.395626,-0.0208623,0.0167845,0.2139,778614,0,0
19:18866179:G:A,A,G,0.031809,-0.0447928,0.0372403,0.2291,778614,0,0
19:18867128:G:C,C,G,0.895626,0.0264949,0.025042,0.29,778614,0,0
19:18867441:C:T,T,C,0.031809,-0.0448743,0.0372417,0.2282,778614,0,0
19:18869363:G:A,A,G,0.394632,-0.022233,0.0168545,0.1871,778614,0,0
19:18869781:T:A,A,T,0.030815,-0.0468784,0.0372697,0.2085,778614,0,0
19:18874034:G:A,A,G,0.83499,0.0119029,0.0222454,0.5926,778614,0,0
19:18876066:C:T,T,C,0.031809,-0.0462429,0.0370582,0.2121,778614,0,0
19:18877409:C:T,T,C,0.38668,0.0269317,0.0168407,0.1098,778614,0,0
19:18877689:C:A,A,C,0.89662,0.0248182,0.0250415,0.3216,778614,0,0
19:18879050:G:A,A,G,0.114314,0.0530002,0.0231994,0.02234,778614,0,0
19:18879587:C:T,T,C,0.892644,0.0216289,0.025065,0.3882,778614,0,0
19:18880173:C:T,T,C,0.890656,0.0254045,0.0250912,0.3113,778614,0,0
19:18881710:C:A,A,C,0.040755,-0.0091861,0.0496774,0.8533,778614,0,0
19:18882489:C:T,T,C,0.031809,-0.0391002,0.0372071,0.2933,778614,0,0
19:18882694:C:T,T,C,0.847913,0.0252535,0.0215037,0.2402,778614,0,0
19:18883829:G:A,A,G,0.419483,0.0281052,0.0164222,0.087,778614,0,0
19:18883888:G:T,T,G,0.181909,-0.0513929,0.0215391,0.01703,778614,0,0
19:18884392:C:T,T,C,0.853877,0.0298954,0.0217418,0.1691,778614,0,0
19:18885241:C:A,A,C,0.383698,-0.0134073,0.0172526,0.4371,778614,0,0
19:18885425:G:A,A,G,0.042744,0.0116507,0.0470686,0.8045,778614,0,0
19:18886090:G:A,A,G,0.091451,-0.0069165,0.0328908,0.8334,778614,0,0
19:18886127:C:T,T,C,0.090457,-0.0168119,0.0336296,0.6171,778614,0,0
19:18886298:C:T,T,C,0.219682,0.0654962,0.0185504,0.0004144,778614,0,0
19:18886377:G:A,A,G,0.436382,0.0355604,0.0164151,0.03029,778614,0,0
19:18886514:C:T,T,C,0.031809,-0.0364134,0.0372325,0.3281,778614,0,0
19:18887190:G:A,A,G,0.087475,-0.0128322,0.0337029,0.7034,778614,0,0
19:18888035:C:A,A,C,0.37674,-0.011551,0.017309,0.5046,778614,0,0
19:18888047:C:T,T,C,0.935388,0.020064,0.0295679,0.4974,778614,0,0
19:18889343:C:T,T,C,0.415507,0.0252313,0.0164339,0.1247,778614,0,0
19:18889353:G:C,C,G,0.426441,0.0219782,0.0164245,0.1809,778614,0,0
19:18890504:G:C,C,G,0.076541,-0.0189064,0.0296665,0.5239,778614,0,0
19:18890984:G:T,T,G,0.715706,-0.0496,0.0170225,0.003571,778614,0,0
19:18892042:C:T,T,C,0.707753,-0.050941,0.0169713,0.002686,778614,0,0
19:18893193:G:A,A,G,0.031809,-0.0384953,0.0370622,0.299,778614,0,0
19:18894573:G:A,A,G,0.107356,-0.0354587,0.0246177,0.1498,778614,0,0
19:18894588:G:C,C,G,0.709742,-0.0586695,0.0170667,0.0005868,778614,0,0
19:18895857:G:C,C,G,0.707753,-0.0592998,0.0170641,0.0005106,778614,0,0
19:18896790:G:T,T,G,0.141153,-0.0551152,0.0249732,0.02732,778614,0,0
19:18896992:C:T,T,C,0.140159,-0.0551251,0.0249628,0.02722,778614,0,0
19:18897500:G:A,A,G,0.039761,-0.0338418,0.0354209,0.3394,778614,0,0
19:18899016:C:T,T,C,0.140159,-0.0548535,0.0247187,0.02648,778614,0,0
19:18900104:G:C,C,G,0.075547,-0.0225056,0.0296302,0.4475,778614,0,0
19:18900965:G:C,C,G,0.656064,-0.036218,0.0167927,0.03102,778614,0,0
19:18901549:G:A,A,G,0.141153,-0.0558571,0.0246961,0.02371,778614,0,0
19:18903439:C:T,T,C,0.140159,-0.054187,0.0246975,0.02823,778614,0,0
19:18903952:G:A,A,G,0.40159,-0.0012826,0.0168782,0.9394,778614,0,0
19:18904682:C:T,T,C,0.075547,-0.0157309,0.0288485,0.5856,778614,0,0
19:18905641:G:A,A,G,0.053678,-0.0470318,0.0406978,0.2478,778614,0,0
19:18905939:G:A,A,G,0.031809,-0.0395926,0.0369479,0.2839,778614,0,0
19:18905976:G:A,A,G,0.141153,-0.0535777,0.024681,0.02995,778614,0,0
19:18906169:G:A,A,G,0.075547,-0.0246638,0.0296515,0.4055,778614,0,0
19:18906732:G:A,A,G,0.030815,0.1166974,0.044192,0.008274,778614,0,0
19:18907053:G:A,A,G,0.133201,-0.0520517,0.0253907,0.04036,778614,0,0
19:18907805:C:T,T,C,0.140159,-0.0508573,0.0247868,0.04019,778614,0,0
19:18908025:G:C,C,G,0.031809,-0.0283668,0.0369054,0.4421,778614,0,0
19:18908153:C:T,T,C,0.075547,-0.015424,0.0288509,0.5929,778614,0,0
19:18908208:C:T,T,C,0.031809,-0.0278068,0.0369378,0.4516,778614,0,0
19:18908991:G:A,A,G,0.133201,-0.0533447,0.0249716,0.03266,778614,0,0
19:18910201:C:T,T,C,0.140159,-0.0509177,0.024974,0.04147,778614,0,0
19:18911198:C:A,A,C,0.403579,-0.0012993,0.0168652,0.9386,778614,0,0
19:18911236:G:A,A,G,0.075547,-0.0182691,0.0284184,0.5203,778614,0,0
19:18911709:G:A,A,G,0.030815,-0.0400297,0.0369735,0.279,778614,0,0
19:18914163:C:T,T,C,0.030815,-0.0399659,0.0372441,0.2832,778614,0,0
19:18919124:G:T,T,G,0.070577,0.0565886,0.0318635,0.07574,778614,0,0
19:18919762:C:T,T,C,0.031809,-0.0376221,0.0366709,0.3049,778614,0,0
19:18921415:G:T,T,G,0.0666,-0.0185585,0.0312095,0.5521,778614,0,0
19:18922280:G:A,A,G,0.157058,-0.0463831,0.0244753,0.05808,778614,0,0
19:18922578:G:A,A,G,0.153082,-0.0457676,0.0244641,0.06137,778614,0,0
19:18923202:C:T,T,C,0.0666,-0.019029,0.0310882,0.5405,778614,0,0
19:18923262:C:T,T,C,0.031809,-0.0278152,0.0368011,0.4498,778614,0,0
19:18923749:G:A,A,G,0.021869,0.0560976,0.0760343,0.4606,778614,0,0
19:18924137:G:A,A,G,0.020875,0.025739,0.0776735,0.7404,778614,0,0
19:18924545:G:T,T,G,0.463221,-0.0050286,0.016709,0.7635,778614,0,0
19:18924546:C:T,T,C,0.463221,-0.0056473,0.0167094,0.7354,778614,0,0
19:18924561:G:C,C,G,0.220676,-0.0481501,0.0208232,0.02076,778614,0,0
19:18924619:G:T,T,G,0.025845,-0.0823877,0.0708486,0.2449,778614,0,0
19:18925254:C:A,A,C,0.497018,-0.0142463,0.0165798,0.3902,778614,0,0
19:18926062:G:C,C,G,0.499006,-0.0135133,0.0165816,0.4151,778614,0,0
19:18926485:G:A,A,G,0.489066,-0.0125356,0.0166476,0.4515,778614,0,0
19:18927262:C:T,T,C,0.163022,0.0542279,0.023809,0.02275,778614,0,0
19:18928843:C:T,T,C,0.360835,0.0150386,0.0174763,0.3895,778614,0,0
19:18928889:G:C,C,G,0.131213,-0.059073,0.0260307,0.02325,778614,0,0
19:18929099:G:A,A,G,0.483101,-0.0153419,0.0166911,0.358,778614,0,0
19:18930451:G:A,A,G,0.084493,-0.0395589,0.0305421,0.1952,778614,0,0
19:18930743:C:T,T,C,0.084493,-0.0340882,0.0297362,0.2516,778614,0,0
19:18931799:C:T,T,C,0.49006,-0.0099426,0.0167454,0.5527,778614,0,0
19:18931904:G:A,A,G,0.030815,0.0433198,0.0383568,0.2587,778614,0,0
19:18936887:G:A,A,G,0.044732,0.038472,0.040711,0.3447,778614,0,0
19:18937086:G:A,A,G,0.057654,-0.0317583,0.0405104,0.4331,778614,0,0
19:18938124:G:A,A,G,0.12326,-0.0493033,0.0275405,0.07342,778614,0,0
19:18938385:G:A,A,G,0.145129,-0.0090378,0.0227656,0.6914,778614,0,0
19:18938389:G:A,A,G,0.442346,-0.0189476,0.0172596,0.2723,778614,0,0
19:18939159:C:T,T,C,0.053678,-0.0022662,0.0430379,0.958,778614,0,0
19:18944391:C:T,T,C,0.122266,-0.0516103,0.031313,0.09931,778614,0,0
19:18956504:G:A,A,G,0.033797,0.0348183,0.0433329,0.4217,778614,0,0
19:18957032:C:T,T,C,0.033797,0.0389756,0.0430464,0.3652,778614,0,0
19:18958653:G:A,A,G,0.276342,-0.0159936,0.020519,0.4357,778614,0,0
19:18958935:C:T,T,C,0.033797,0.0327521,0.042446,0.4403,778614,0,0
19:18959084:T:A,A,T,0.069583,-0.0033423,0.035023,0.924,778614,0,0
19:18962989:T:A,A,T,0.099404,-0.0308811,0.026786,0.249,778614,0,0
19:18964569:G:A,A,G,0.419483,-0.000369,0.0166633,0.9823,778614,0,0
19:18964724:G:A,A,G,0.409543,0.0062473,0.0167154,0.7086,778614,0,0
19:18966576:C:A,A,C,0.417495,-0.0015358,0.0165263,0.926,778614,0,0
19:18967211:G:A,A,G,0.354871,-0.0055588,0.0171189,0.7454,778614,0,0
19:18967598:G:T,T,G,0.06163,0.0111257,0.0306466,0.7166,778614,0,0
19:18969585:C:T,T,C,0.016899,0.0359512,0.0435842,0.4094,778614,0,0
19:18971274:C:T,T,C,0.349901,-0.003102,0.0171317,0.8563,778614,0,0
19:18971659:G:A,A,G,0.411531,-0.0004207,0.0165624,0.9797,778614,0,0
19:18971810:C:T,T,C,0.143141,-0.0322782,0.0230245,0.1609,778614,0,0
19:18972089:C:T,T,C,0.446322,0.001284,0.016617,0.9384,778614,0,0
19:18972611:G:A,A,G,0.176938,-0.0379649,0.0246717,0.1239,778614,0,0
19:18973858:G:C,C,G,0.016899,0.0301278,0.0428969,0.4825,778614,0,0
19:18973875:C:T,T,C,0.379722,0.0012954,0.0170472,0.9394,778614,0,0
19:18977090:G:A,A,G,0.060636,0.0115579,0.030695,0.7065,778614,0,0
19:18977533:C:T,T,C,0.449304,0.0036332,0.016671,0.8275,778614,0,0
19:18981625:C:T,T,C,0.040755,0.206518,0.040242,2.868e-07,778614,0,0
19:18982810:G:A,A,G,0.256461,0.0094224,0.0189416,0.6189,778614,0,0
19:18985154:G:A,A,G,0.462227,0.0249596,0.0171372,0.1453,778614,0,0
19:18987307:C:A,A,C,0.076541,-0.009772,0.0295348,0.7407,778614,0,0
19:18987449:G:A,A,G,0.769384,-0.0007494,0.0186864,0.968,778614,0,0
19:18988084:T:A,A,T,0.507952,0.004844,0.0167653,0.7726,778614,0,0
19:18989978:C:A,A,C,0.801193,0.0110827,0.019568,0.5711,778614,0,0
19:18992878:C:T,T,C,0.076541,-0.0105928,0.0295157,0.7197,778614,0,0
19:18993177:T:A,A,T,0.048708,0.1741389,0.0367131,2.103e-06,778614,0,0
19:18993277:C:T,T,C,0.010934,0.1214305,0.0600566,0.04318,778614,0,0
19:18994322:G:A,A,G,0.076541,-0.0110023,0.0295157,0.7093,778614,0,0
19:18994450:G:A,A,G,0.076541,-0.0110024,0.0295157,0.7093,778614,0,0
19:18994964:G:A,A,G,0.751491,0.0095717,0.0182885,0.6007,778614,0,0
19:18996740:C:T,T,C,0.078529,-0.0200688,0.0290087,0.489,778614,0,0
19:18997566:C:T,T,C,0.790258,0.0197894,0.0191605,0.3017,778614,0,0
19:18998736:G:A,A,G,0.785288,0.0212403,0.0190712,0.2654,778614,0,0
19:18999613:C:T,T,C,0.045726,0.1958669,0.0393002,6.233e-07,778614,0,0
19:18999720:C:T,T,C,0.746521,0.0106582,0.0182177,0.5585,778614,0,0
19:19001956:G:A,A,G,0.039761,0.0458882,0.0418982,0.2734,778614,0,0
19:19002653:T:A,A,T,0.829026,0.0094334,0.0206673,0.6481,778614,0,0
19:19002938:G:A,A,G,0.829026,0.0073425,0.0206532,0.7222,778614,0,0
19:19003818:G:A,A,G,0.050696,0.0136561,0.0440369,0.7565,778614,0,0
19:19005042:C:A,A,C,0.751491,0.0098803,0.0182908,0.5891,778614,0,0
19:19007124:C:T,T,C,0.751491,0.0092884,0.0182759,0.6113,778614,0,0
19:19009121:C:T,T,C,0.076541,-0.0102224,0.0295108,0.729,778614,0,0
19:19009436:C:T,T,C,0.010934,0.1210326,0.0601566,0.04422,778614,0,0
19:19009558:C:A,A,C,0.010934,0.1210879,0.0601553,0.04412,778614,0,0
19:19010777:G:A,A,G,0.043738,-0.1037989,0.0453995,0.02223,778614,0,0
19:19011292:C:T,T,C,0.115308,0.0078196,0.0249287,0.7538,778614,0,0
19:19011394:C:T,T,C,0.076541,-0.0098068,0.0295085,0.7396,778614,0,0
19:19013437:C:T,T,C,0.752485,0.0100296,0.0182905,0.5835,778614,0,0
19:19016104:G:T,T,G,0.829026,0.0074551,0.0206445,0.718,778614,0,0
19:19017178:C:T,T,C,0.743539,0.0080467,0.0182056,0.6585,778614,0,0
19:19018247:G:A,A,G,0.076541,-0.010115,0.029501,0.7317,778614,0,0
19:19020204:C:T,T,C,0.038767,0.0441729,0.0424257,0.2978,778614,0,0
19:19020349:G:A,A,G,0.751491,0.0101453,0.0182734,0.5788,778614,0,0
19:19020389:G:A,A,G,0.151093,-0.033886,0.0251816,0.1784,778614,0,0
19:19021950:C:T,T,C,0.746521,0.0114542,0.0182199,0.5296,778614,0,0
19:19024154:G:A,A,G,0.767396,0.001223,0.0186215,0.9476,778614,0,0
19:19025732:C:T,T,C,0.76839,0.0015396,0.0186366,0.9342,778614,0,0
19:19028187:G:C,C,G,0.895626,0.0331609,0.0252271,0.1887,778614,0,0
19:19030052:C:T,T,C,0.762425,0.0018799,0.0185531,0.9193,778614,0,0
19:19034384:G:A,A,G,0.84493,-0.003744,0.0213801,0.861,778614,0,0
19:19034581:T:A,A,T,0.762425,0.0028726,0.0185508,0.8769,778614,0,0
19:19035920:C:T,T,C,0.076541,-0.0109462,0.0294932,0.7105,778614,0,0
19:19037055:G:A,A,G,0.895626,0.0337746,0.0252142,0.1804,778614,0,0
19:19039183:G:A,A,G,0.845924,-0.0032308,0.0213891,0.8799,778614,0,0
19:19039374:C:T,T,C,0.762425,0.0022732,0.0185496,0.9025,778614,0,0
19:19041530:G:A,A,G,0.767396,0.0014585,0.0186251,0.9376,778614,0,0
19:19042537:G:A,A,G,0.039761,0.0439186,0.041822,0.2937,778614,0,0
19:19044736:G:A,A,G,0.039761,0.0439656,0.0418219,0.2931,778614,0,0
19:19044863:G:A,A,G,0.045726,0.1910377,0.0388279,8.649e-07,778614,0,0
19:19045201:C:T,T,C,0.010934,0.1202233,0.0598068,0.04441,778614,0,0
19:19046619:C:T,T,C,0.884692,0.0092799,0.0236387,0.6946,778614,0,0
19:19046676:G:A,A,G,0.043738,-0.1108861,0.0450617,0.01386,778614,0,0
19:19049349:C:T,T,C,0.076541,-0.0109583,0.0294955,0.7102,778614,0,0
19:19051248:G:T,T,G,0.076541,-0.011494,0.0294965,0.6968,778614,0,0
19:19052611:C:T,T,C,0.762425,0.0019148,0.0185507,0.9178,778614,0,0
19:19053410:C:T,T,C,0.076541,-0.0104222,0.0296506,0.7252,778614,0,0
19:19053418:G:C,C,G,0.76839,0.0006795,0.0186557,0.9709,778614,0,0
19:19054028:G:T,T,G,0.076541,-0.0100846,0.0295283,0.7327,778614,0,0
19:19054347:G:A,A,G,0.077535,-0.0093714,0.0295036,0.7508,778614,0,0
19:19057189:C:T,T,C,0.762425,0.0002914,0.0185517,0.9875,778614,0,0
19:19057374:C:T,T,C,0.762425,0.0005232,0.0185524,0.9775,778614,0,0
19:19057921:G:A,A,G,0.140159,0.0256657,0.0248528,0.3017,778614,0,0
19:19057923:C:T,T,C,0.076541,-0.008644,0.0295679,0.77,778614,0,0
19:19058228:C:T,T,C,0.076541,-0.0098157,0.0295329,0.7396,778614,0,0
19:19059059:G:A,A,G,0.84493,-0.0064071,0.0213738,0.7644,778614,0,0
19:19060312:G:A,A,G,0.762425,7.74e-05,0.0185499,0.9967,778614,0,0
19:19062747:C:A,A,C,0.076541,-0.0103634,0.0296016,0.7263,778614,0,0
19:19063428:C:T,T,C,0.767396,-0.0019537,0.0186111,0.9164,778614,0,0
19:19065562:C:T,T,C,0.076541,-0.0122182,0.0295997,0.6798,778614,0,0
19:19066672:C:T,T,C,0.762425,-2.68e-05,0.0185536,0.9988,778614,0,0
19:19067184:T:A,A,T,0.076541,-0.01209,0.0295997,0.6829,778614,0,0
19:19069010:G:A,A,G,0.762425,-0.000975,0.0185513,0.9581,778614,0,0
19:19069401:G:A,A,G,0.010934,0.1226855,0.059814,0.04026,778614,0,0
19:19070499:C:T,T,C,0.84493,-0.0081483,0.0213649,0.7029,778614,0,0
19:19071994:G:A,A,G,0.17495,-0.033199,0.0237878,0.1628,778614,0,0
19:19074829:G:C,C,G,0.011928,0.0615836,0.0532422,0.2474,778614,0,0
19:19075561:C:T,T,C,0.076541,-0.0098746,0.0295782,0.7385,778614,0,0
19:19075896:G:A,A,G,0.838966,-0.0068102,0.0211821,0.7478,778614,0,0
19:19076766:C:T,T,C,0.843936,-0.0085868,0.0213194,0.6871,778614,0,0
19:19077708:C:T,T,C,0.251491,-0.0066402,0.0190852,0.7279,778614,0,0
19:19079479:G:C,C,G,0.843936,-0.0080551,0.0213236,0.7056,778614,0,0
19:19079965:C:A,A,C,0.023857,-0.0002946,0.0506167,0.9954,778614,0,0
19:19080097:C:T,T,C,0.077535,-0.0107147,0.0295784,0.7172,778614,0,0
19:19082626:G:A,A,G,0.039761,0.0423859,0.0418176,0.3108,778614,0,0
19:19082734:C:T,T,C,0.076541,-0.0104031,0.0295796,0.7251,778614,0,0
19:19083852:C:A,A,C,0.044732,-0.10251,0.0448504,0.02228,778614,0,0
19:19084534:G:C,C,G,0.842942,-0.0049303,0.0211628,0.8158,778614,0,0
19:19085570:G:A,A,G,0.176938,-0.0392091,0.0240658,0.1033,778614,0,0
19:19086130:T:A,A,T,0.044732,-0.1025453,0.0448432,0.02221,778614,0,0
19:19088714:G:T,T,G,0.076541,-0.0106944,0.0295832,0.7177,778614,0,0
19:19089605:C:T,T,C,0.838966,-0.0060103,0.0211819,0.7766,778614,0,0
19:19090180:C:T,T,C,0.762425,-0.0009751,0.0185461,0.9581,778614,0,0
19:19091684:C:T,T,C,0.838966,-0.006304,0.0211809,0.766,778614,0,0
19:19091759:C:A,A,C,0.762425,-0.0008003,0.0185476,0.9656,778614,0,0
19:19093090:G:A,A,G,0.838966,-0.006669,0.0211714,0.7528,778614,0,0
19:19093490:G:A,A,G,0.838966,-0.0066866,0.0211714,0.7521,778614,0,0
19:19093716:C:T,T,C,0.010934,0.1066536,0.0600037,0.07549,778614,0,0
19:19095663:G:A,A,G,0.762425,-0.0010668,0.0185444,0.9541,778614,0,0
19:19095691:C:T,T,C,0.895626,0.027348,0.025151,0.2769,778614,0,0
19:19096420:G:A,A,G,0.048708,0.1724308,0.0365777,2.428e-06,778614,0,0
19:19096442:G:T,T,G,0.149105,-0.0407162,0.0251752,0.1058,778614,0,0
19:19097267:G:A,A,G,0.039761,0.0463378,0.0417684,0.2673,778614,0,0
19:19097431:C:T,T,C,0.838966,-0.0065432,0.0211742,0.7573,778614,0,0
19:19099142:G:A,A,G,0.076541,-0.0109309,0.0295832,0.7118,778614,0,0
19:19100429:C:T,T,C,0.838966,-0.007409,0.0211683,0.7263,778614,0,0
19:19101489:C:T,T,C,0.275348,0.0380437,0.0191169,0.04658,778614,0,0
19:19101849:G:A,A,G,0.075547,-0.0107294,0.0295851,0.7169,778614,0,0
19:19105304:C:T,T,C,0.044732,-0.1002619,0.0445495,0.02441,778614,0,0
19:19109454:G:A,A,G,0.149105,-0.0404041,0.0251479,0.1081,778614,0,0
19:19111037:C:A,A,C,0.076541,-0.0096894,0.0295772,0.7432,778614,0,0
19:19111261:C:T,T,C,0.83996,-0.0083016,0.0211563,0.6948,778614,0,0
19:19112666:T:A,A,T,0.076541,-0.0072871,0.0294771,0.8047,778614,0,0
19:19117143:C:A,A,C,0.837972,-0.0112627,0.020953,0.5909,778614,0,0
19:19117327:G:A,A,G,0.832008,-0.0100273,0.0209118,0.6316,778614,0,0
19:19118252:G:T,T,G,0.745527,0.0011947,0.0180397,0.9472,778614,0,0
19:19118604:C:T,T,C,0.075547,-0.0075496,0.0295744,0.7985,778614,0,0
19:19119454:C:T,T,C,0.10338,-0.0037192,0.0243872,0.8788,778614,0,0
19:19120523:C:T,T,C,0.11332,-0.0214376,0.0243115,0.3779,778614,0,0
19:19121857:C:T,T,C,0.112326,-0.0213831,0.0242845,0.3786,778614,0,0
19:19125897:G:A,A,G,0.11332,-0.0211766,0.024336,0.3842,778614,0,0
19:19127568:C:T,T,C,0.11332,-0.020771,0.024336,0.3934,778614,0,0
19:19127588:C:T,T,C,0.087475,-0.0354002,0.0294661,0.2296,778614,0,0
19:19128602:G:C,C,G,0.724652,0.0030935,0.0177874,0.8619,778614,0,0
19:19128700:G:A,A,G,0.06163,-0.0554933,0.0339263,0.1019,778614,0,0
19:19129524:C:T,T,C,0.843936,-0.0132733,0.0214056,0.5352,778614,0,0
19:19132077:G:A,A,G,0.072565,-0.0396069,0.0396628,0.318,778614,0,0
19:19132366:C:T,T,C,0.011928,0.0732501,0.0498666,0.1419,778614,0,0
19:19133040:C:T,T,C,0.034791,-0.0718638,0.0490096,0.1426,778614,0,0
19:19133224:C:T,T,C,0.093439,-0.034722,0.0290532,0.232,778614,0,0
19:19133855:G:A,A,G,0.267396,0.0346047,0.0194168,0.07472,778614,0,0
19:19135326:G:C,C,G,0.029821,-0.0010275,0.0384182,0.9787,778614,0,0
19:19135871:C:T,T,C,0.039761,0.0853407,0.040109,0.03336,778614,0,0
19:19137298:C:T,T,C,0.717694,-0.0043075,0.0173995,0.8045,778614,0,0
19:19138429:G:A,A,G,0.029821,-0.0074333,0.0383016,0.8461,778614,0,0
19:19139336:G:C,C,G,0.722664,-0.0040621,0.0175239,0.8167,778614,0,0
19:19140646:G:A,A,G,0.088469,-0.005978,0.0285483,0.8341,778614,0,0
19:19140932:G:C,C,G,0.020875,-0.0532377,0.0500918,0.2879,778614,0,0
19:19141521:G:T,T,G,0.054672,-0.0272282,0.0324524,0.4015,778614,0,0
19:19141868:C:T,T,C,0.04175,-0.0803581,0.0460187,0.08078,778614,0,0
19:19142584:G:A,A,G,0.068588,0.0193596,0.031614,0.5403,778614,0,0
19:19142865:G:A,A,G,0.068588,0.0186505,0.0316136,0.5552,778614,0,0
19:19143362:C:T,T,C,0.079523,0.0187637,0.0275009,0.4951,778614,0,0
19:19145071:C:A,A,C,0.011928,0.0132842,0.0515498,0.7966,778614,0,0
19:19146061:G:A,A,G,0.350895,-0.0113265,0.0172719,0.512,778614,0,0
19:19146574:G:A,A,G,0.022863,-0.0657886,0.0496325,0.185,778614,0,0
19:19147847:G:A,A,G,0.070577,0.0197439,0.031739,0.5339,778614,0,0
19:19148183:G:A,A,G,0.010934,0.0083959,0.0513564,0.8701,778614,0,0
19:19149877:G:T,T,G,0.010934,-0.0253666,0.0523597,0.6281,778614,0,0
19:19149951:G:C,C,G,0.11829,0.1047764,0.0245163,1.922e-05,778614,0,0
19:19149974:G:A,A,G,0.319085,-0.0207898,0.0170982,0.224,778614,0,0
19:19149999:C:T,T,C,0.150099,0.0856482,0.0222473,0.0001182,778614,0,0
19:19150256:G:A,A,G,0.913519,0.0334285,0.0297199,0.2607,778614,0,0
19:19150370:C:A,A,C,0.477137,0.014738,0.0164339,0.3698,778614,0,0
19:19151491:C:T,T,C,0.11332,0.1078802,0.0240685,7.387e-06,778614,0,0
19:19151889:G:A,A,G,0.11332,0.1091978,0.0240321,5.524e-06,778614,0,0
19:19151921:G:T,T,G,0.309145,-0.0222814,0.0171939,0.195,778614,0,0
19:19152180:C:T,T,C,0.11332,0.1078646,0.0240063,7.017e-06,778614,0,0
19:19152188:C:T,T,C,0.506958,0.0157661,0.0163782,0.3357,778614,0,0
19:19153129:C:T,T,C,0.114314,0.1095443,0.0240151,5.08e-06,778614,0,0
19:19153867:C:T,T,C,0.114314,0.1106011,0.0240053,4.078e-06,778614,0,0
19:19154031:G:A,A,G,0.349901,-0.0242068,0.016721,0.1477,778614,0,0
19:19154487:G:T,T,G,0.465209,0.027445,0.0162746,0.09173,778614,0,0
19:19154769:G:A,A,G,0.318091,-0.0242151,0.0170609,0.1558,778614,0,0
19:19156039:C:T,T,C,0.116302,0.1097477,0.0239957,4.793e-06,778614,0,0
19:19156649:C:T,T,C,0.114314,0.1104708,0.0240032,4.178e-06,778614,0,0
19:19157101:G:A,A,G,0.114314,0.1106115,0.0240055,4.07e-06,778614,0,0
19:19157181:C:T,T,C,0.466203,0.0271809,0.0162732,0.09486,778614,0,0
19:19158065:G:A,A,G,0.114314,0.1099164,0.02399,4.611e-06,778614,0,0
19:19159849:T:A,A,T,0.322068,-0.0233018,0.0170479,0.1717,778614,0,0
19:19161028:C:T,T,C,0.04175,-0.0734201,0.0452485,0.1047,778614,0,0
19:19161382:C:T,T,C,0.312127,-0.0202161,0.0171085,0.2373,778614,0,0
19:19162314:G:T,T,G,0.317097,-0.0215935,0.0170901,0.2064,778614,0,0
19:19162528:C:T,T,C,0.121272,0.1066749,0.0240888,9.493e-06,778614,0,0
19:19162730:C:T,T,C,0.030815,-0.0003613,0.0437216,0.9934,778614,0,0
19:19163283:G:A,A,G,0.120278,0.1066024,0.024089,9.629e-06,778614,0,0
19:19163338:C:T,T,C,0.505964,0.0196707,0.0163829,0.2299,778614,0,0
19:19163913:C:T,T,C,0.120278,0.1059962,0.024093,1.085e-05,778614,0,0
19:19164060:G:A,A,G,0.120278,0.1059508,0.0240926,1.094e-05,778614,0,0
19:19164105:C:T,T,C,0.153082,-0.0379453,0.0210577,0.07155,778614,0,0
19:19164233:G:A,A,G,0.120278,0.1059621,0.0240933,1.093e-05,778614,0,0
19:19164504:C:T,T,C,0.11829,0.1072101,0.024093,8.593e-06,778614,0,0
19:19164542:G:A,A,G,0.030815,-0.007388,0.0437584,0.8659,778614,0,0
19:19164687:G:A,A,G,0.318091,-0.020977,0.0170986,0.2199,778614,0,0
19:19164926:C:T,T,C,0.120278,0.1059115,0.0240933,1.103e-05,778614,0,0
19:19164993:C:T,T,C,0.120278,0.1049493,0.0240481,1.276e-05,778614,0,0
19:19165226:C:T,T,C,0.119284,0.1054717,0.0241079,1.214e-05,778614,0,0
19:19166191:G:A,A,G,0.379722,-0.0116504,0.0165527,0.4815,778614,0,0
19:19166487:G:A,A,G,0.511928,0.0369289,0.0168035,0.02797,778614,0,0
19:19166707:C:T,T,C,0.074553,-0.0449486,0.0333201,0.1773,778614,0,0
19:19167299:C:T,T,C,0.494036,0.0368708,0.0165493,0.02589,778614,0,0
19:19170863:C:T,T,C,0.493042,0.0356019,0.0165412,0.03137,778614,0,0
19:19170968:G:T,T,G,0.017893,0.0623313,0.0641525,0.3312,778614,0,0
19:19171714:G:A,A,G,0.493042,0.0356052,0.0165423,0.03137,778614,0,0
19:19171961:C:A,A,C,0.375746,-0.0204853,0.0165849,0.2168,778614,0,0
19:19172218:G:C,C,G,0.526839,0.0412624,0.0168197,0.01416,778614,0,0
19:19172459:C:T,T,C,0.100398,0.1454622,0.0258947,1.938e-08,778614,0,0
19:19172468:C:T,T,C,0.374751,-0.0206112,0.0165812,0.2138,778614,0,0
19:19174009:C:T,T,C,0.235586,-0.0214602,0.0182562,0.2398,778614,0,0
19:19175099:G:A,A,G,0.373757,-0.0208612,0.0165835,0.2084,778614,0,0
19:19175268:C:T,T,C,0.016899,-0.0267373,0.0507713,0.5985,778614,0,0
19:19175805:C:T,T,C,0.374751,-0.0218011,0.0165871,0.1887,778614,0,0
19:19175878:G:A,A,G,0.374751,-0.0217361,0.016587,0.1901,778614,0,0
19:19176681:G:A,A,G,0.013917,0.0598685,0.0620755,0.3348,778614,0,0
19:19177929:G:A,A,G,0.374751,-0.0216226,0.0165891,0.1924,778614,0,0
19:19178044:C:T,T,C,0.373757,-0.0217135,0.0165902,0.1906,778614,0,0
19:19178151:C:T,T,C,0.11829,0.1143769,0.0235885,1.242e-06,778614,0,0
19:19178370:G:A,A,G,0.117296,0.1152053,0.0235893,1.041e-06,778614,0,0
19:19178790:T:A,A,T,0.374751,-0.0219066,0.0165899,0.1867,778614,0,0
19:19178866:G:T,T,G,0.119284,0.1143349,0.0235906,1.256e-06,778614,0,0
19:19179306:C:T,T,C,0.373757,-0.0214644,0.0165934,0.1958,778614,0,0
19:19179628:G:A,A,G,0.117296,0.1154498,0.0235924,9.905e-07,778614,0,0
19:19179632:C:T,T,C,0.119284,0.114715,0.0235936,1.161e-06,778614,0,0
19:19183202:G:A,A,G,0.497018,0.0363827,0.016581,0.02822,778614,0,0
19:19183282:C:T,T,C,0.493042,0.0354305,0.0165784,0.03259,778614,0,0
19:19184747:G:A,A,G,0.11829,0.1144452,0.0235813,1.215e-06,778614,0,0
19:19184910:C:T,T,C,0.500994,0.0377257,0.0166141,0.02316,778614,0,0
19:19185412:G:A,A,G,0.031809,0.0163566,0.0426089,0.7011,778614,0,0
19:19185592:G:A,A,G,0.497018,0.0353034,0.0165954,0.0334,778614,0,0
19:19186546:G:A,A,G,0.117296,0.1159058,0.0236129,9.173e-07,778614,0,0
19:19186580:C:T,T,C,0.11829,0.1154497,0.0236134,1.013e-06,778614,0,0
19:19187219:G:A,A,G,0.11829,0.1155996,0.0236347,1.003e-06,778614,0,0
19:19187290:T:A,A,T,0.498012,0.0387303,0.0166116,0.01973,778614,0,0
19:19187295:G:C,C,G,0.117296,0.117408,0.023634,6.773e-07,778614,0,0
19:19188141:C:T,T,C,0.949304,-0.0402613,0.0324071,0.2141,778614,0,0
19:19188270:C:T,T,C,0.029821,-0.0065555,0.041023,0.873,778614,0,0
19:19188496:C:T,T,C,0.039761,0.0524426,0.0373397,0.1602,778614,0,0
19:19188622:C:T,T,C,0.073559,-0.0575496,0.0281488,0.04091,778614,0,0
19:19188652:G:A,A,G,0.079523,-0.0678619,0.0280056,0.01539,778614,0,0
19:19189152:C:A,A,C,0.416501,-0.0429576,0.0165716,0.009535,778614,0,0
19:19189383:C:T,T,C,0.04672,-0.1036693,0.035986,0.003966,778614,0,0
19:19190377:G:A,A,G,0.173956,-0.0150927,0.0211581,0.4756,778614,0,0
19:19190487:G:A,A,G,0.04672,-0.1031612,0.0359972,0.004159,778614,0,0
19:19190680:C:T,T,C,0.029821,-0.0203157,0.0480027,0.6721,778614,0,0
19:19192376:G:A,A,G,0.149105,-0.0504645,0.0206504,0.01454,778614,0,0
19:19192475:C:T,T,C,0.029821,0.026749,0.0417652,0.5219,778614,0,0
19:19194090:G:C,C,G,0.04672,-0.1026087,0.0359788,0.004346,778614,0,0
19:19196327:C:A,A,C,0.106362,-0.0445076,0.0246795,0.07132,778614,0,0
19:19196400:T:A,A,T,0.106362,-0.0447111,0.0246748,0.06998,778614,0,0
19:19196988:C:T,T,C,0.059642,-0.0554756,0.031019,0.07371,778614,0,0
19:19204371:G:A,A,G,0.266402,-0.0169314,0.0187776,0.3672,778614,0,0
19:19204794:G:A,A,G,0.116302,-0.0427494,0.0242193,0.07755,778614,0,0
19:19205095:G:A,A,G,0.047714,-0.1050181,0.0360273,0.003557,778614,0,0
19:19205298:C:A,A,C,0.919483,0.0022541,0.0313339,0.9427,778614,0,0
19:19205642:G:A,A,G,0.028827,-0.126841,0.0527286,0.01615,778614,0,0
19:19206018:G:A,A,G,0.029821,-0.0186372,0.0518914,0.7195,778614,0,0
19:19207656:G:A,A,G,0.116302,-0.0380529,0.0241757,0.1155,778614,0,0
19:19208675:G:A,A,G,0.040755,0.0229059,0.037356,0.5398,778614,0,0
19:19215154:G:T,T,G,0.101392,0.1273334,0.0265807,1.664e-06,778614,0,0
19:19216344:C:A,A,C,0.04175,0.0204451,0.0372439,0.583,778614,0,0
19:19219115:C:T,T,C,0.067594,0.2084325,0.030915,1.561e-11,778614,0,0
19:19219346:G:A,A,G,0.069583,0.0152155,0.0310099,0.6237,778614,0,0
19:19221038:G:A,A,G,0.085487,0.0355727,0.0393275,0.3657,778614,0,0
19:19222469:G:A,A,G,0.033797,0.0060601,0.040631,0.8814,778614,0,0
19:19224942:C:T,T,C,0.028827,-0.0306387,0.0540078,0.5705,778614,0,0
19:19225799:C:T,T,C,0.112326,0.0876583,0.0245386,0.0003539,778614,0,0
19:19229456:G:A,A,G,0.029821,0.0010415,0.0521514,0.9841,778614,0,0
19:19229598:C:A,A,C,0.029821,0.0012185,0.0521536,0.9814,778614,0,0
19:19230351:C:T,T,C,0.033797,-0.0036687,0.040533,0.9279,778614,0,0
19:19230532:G:A,A,G,0.028827,-0.0176859,0.0534973,0.741,778614,0,0
19:19231047:T:A,A,T,0.029821,0.0012525,0.0521517,0.9808,778614,0,0
19:19232102:G:A,A,G,0.028827,-0.0182697,0.0535531,0.733,778614,0,0
19:19232984:G:A,A,G,0.033797,-0.0041196,0.0405297,0.919,778614,0,0
19:19233716:C:T,T,C,0.028827,-0.0176026,0.0534947,0.7421,778614,0,0
19:19233770:C:T,T,C,0.028827,-0.0182118,0.053473,0.7334,778614,0,0
19:19234547:C:T,T,C,0.028827,-0.0179246,0.0533454,0.7369,778614,0,0
19:19234993:C:T,T,C,0.028827,-0.0176393,0.0534941,0.7416,778614,0,0
19:19236558:G:A,A,G,0.084493,0.0379562,0.0390363,0.3309,778614,0,0
19:19239108:G:A,A,G,0.029821,0.0046346,0.0521328,0.9292,778614,0,0
19:19239171:C:T,T,C,0.067594,-0.0544856,0.0301067,0.07033,778614,0,0
19:19239294:G:A,A,G,0.163022,-0.0276942,0.0235157,0.2389,778614,0,0
19:19240622:G:A,A,G,0.035785,-0.0066418,0.0382166,0.862,778614,0,0
19:19240952:C:T,T,C,0.028827,-0.02105,0.0536589,0.6948,778614,0,0
19:19241034:G:A,A,G,0.028827,-0.0229413,0.0533755,0.6673,778614,0,0
19:19241159:G:A,A,G,0.304175,-0.0203534,0.0178457,0.2541,778614,0,0
19:19243170:G:T,T,G,0.074553,-0.0157657,0.0255823,0.5377,778614,0,0
19:19243818:G:T,T,G,0.036779,0.0646018,0.0461089,0.1612,778614,0,0
19:19244351:C:T,T,C,0.033797,-0.1135336,0.0444831,0.0107,778614,0,0
19:19244676:C:T,T,C,0.003976,-0.0276117,0.1010064,0.7846,778614,0,0
19:19245157:G:A,A,G,0.018887,-0.0191914,0.060043,0.7493,778614,0,0
19:19246183:G:A,A,G,0.074553,-0.0480008,0.028605,0.09334,778614,0,0
19:19247277:G:A,A,G,0.162028,-0.0074083,0.0235793,0.7534,778614,0,0
19:19247398:C:T,T,C,0.161034,-0.0072396,0.0234703,0.7577,778614,0,0
19:19248010:C:T,T,C,0.166004,-0.0126952,0.0231009,0.5826,778614,0,0
19:19248139:C:T,T,C,0.028827,-0.13289,0.0495888,0.007366,778614,0,0
19:19248249:C:A,A,C,0.166004,-0.0121519,0.0231041,0.5989,778614,0,0
19:19250926:G:A,A,G,0.166004,-0.01066,0.0230272,0.6434,778614,0,0
19:19253003:T:A,A,T,0.166004,-0.0120407,0.0230529,0.6015,778614,0,0
19:19255823:C:T,T,C,0.059642,0.2700342,0.0332418,4.535e-16,778614,0,0
19:19255834:G:A,A,G,0.16501,-0.0242621,0.023338,0.2985,778614,0,0
19:19256118:G:A,A,G,0.166004,-0.017626,0.0232188,0.4478,778614,0,0
19:19257455:G:A,A,G,0.16501,-0.0246232,0.0233456,0.2916,778614,0,0
19:19257501:G:A,A,G,0.16501,-0.0247278,0.0233421,0.2894,778614,0,0
19:19257673:G:A,A,G,0.027833,-0.1262529,0.0494809,0.01072,778614,0,0
19:19260108:C:T,T,C,0.168986,-0.0138016,0.0229658,0.5479,778614,0,0
19:19261341:C:T,T,C,0.168986,-0.0138597,0.0229654,0.5462,778614,0,0
19:19261376:G:C,C,G,0.168986,-0.0138597,0.0229654,0.5462,778614,0,0
19:19263135:C:T,T,C,0.036779,-0.0475696,0.0359281,0.1855,778614,0,0
19:19263252:C:T,T,C,0.148111,0.1006293,0.0219479,4.542e-06,778614,0,0
19:19264563:G:A,A,G,0.166998,-0.0237852,0.0232746,0.3068,778614,0,0
19:19268740:C:T,T,C,0.067594,0.2675758,0.0320499,6.901e-17,778614,0,0
19:19269787:G:T,T,G,0.167992,-0.0176136,0.0231497,0.4467,778614,0,0
19:19270187:G:T,T,G,0.150099,0.0991427,0.0216816,4.816e-06,778614,0,0
19:19270630:G:C,C,G,0.038767,-0.0595686,0.0458622,0.194,778614,0,0
19:19270906:G:A,A,G,0.150099,0.0992893,0.0216816,4.663e-06,778614,0,0
19:19270919:G:C,C,G,0.167992,-0.0180764,0.0231469,0.4348,778614,0,0
19:19270946:C:T,T,C,0.318091,0.0556401,0.0175333,0.001507,778614,0,0
19:19271406:C:T,T,C,0.049702,-0.0801908,0.0395074,0.04238,778614,0,0
19:19272489:C:T,T,C,0.166998,-0.0220539,0.0232309,0.3425,778614,0,0
19:19272946:G:A,A,G,0.319085,0.0555385,0.0175332,0.001537,778614,5.09247655156031e-09,0
19:19275929:C:T,T,C,0.038767,-0.0587671,0.0458724,0.2002,778614,0,0
19:19276547:C:T,T,C,0.166998,-0.0249063,0.0232737,0.2846,778614,0,0
19:19277637:G:A,A,G,0.073559,-0.0089739,0.0259713,0.7297,778614,0,0
19:19279376:G:A,A,G,0.166998,-0.0233738,0.0232421,0.3146,778614,0,0
19:19279439:C:T,T,C,0.072565,0.0262781,0.0370461,0.4781,778614,0,0
19:19279688:G:A,A,G,0.318091,0.055766,0.0175439,0.00148,778614,0.130669113492837,8
19:19279940:G:A,A,G,0.318091,0.0560353,0.0175434,0.001403,778614,0.531878728661354,8
19:19280236:G:A,A,G,0.038767,-0.0603573,0.0459568,0.1891,778614,0,0
19:19280593:C:T,T,C,0.318091,0.0559439,0.0175438,0.001429,778614,5.71376279623337e-12,0
19:19281029:C:T,T,C,0.038767,-0.0603697,0.0459559,0.189,778614,0,0
19:19281042:C:T,T,C,0.167992,-0.0185992,0.0231584,0.4219,778614,0,0
19:19282874:G:A,A,G,0.166004,-0.0195722,0.023336,0.4016,778614,0,0
19:19283587:C:T,T,C,0.319085,0.0562449,0.0175339,0.001338,778614,1.18323275494214e-05,0
19:19283831:C:T,T,C,0.16004,-0.0263399,0.0241553,0.2755,778614,0,0
19:19290409:G:A,A,G,0.319085,0.0559532,0.0175328,0.001416,778614,1,8
19:19290436:G:A,A,G,0.05169,-0.0474079,0.0334892,0.1569,778614,0,0
19:19290893:C:T,T,C,0.036779,-0.0560822,0.0493605,0.2559,778614,0,0
19:19293208:C:T,T,C,0.058648,-0.0225111,0.0284339,0.4285,778614,0,0
19:19294671:G:A,A,G,0.152087,0.1029999,0.0216479,1.956e-06,778614,0,0
19:19295317:G:A,A,G,0.040755,-0.0458054,0.0334653,0.1711,778614,0,0
19:19296362:C:A,A,C,0.152087,0.1036027,0.0216318,1.673e-06,778614,0,0
19:19297355:G:A,A,G,0.040755,-0.0455559,0.0334579,0.1733,778614,0,0
19:19299671:C:T,T,C,0.318091,0.0525313,0.0175779,0.002804,778614,0,0
19:19302283:C:T,T,C,0.164016,-0.0261541,0.0232984,0.2616,778614,0,0
19:19302584:C:T,T,C,0.166004,-0.0287927,0.0232868,0.2163,778614,0,0
19:19306703:C:T,T,C,0.164016,-0.026789,0.0232988,0.2502,778614,0,0
19:19308107:C:T,T,C,0.111332,0.1369604,0.0238591,9.447e-09,778614,0,0
19:19308262:G:A,A,G,0.070577,0.2734342,0.0319689,1.198e-17,778614,0,0
19:19309001:G:A,A,G,0.152087,0.1021123,0.0216338,2.358e-06,778614,0,0
19:19309772:C:T,T,C,0.319085,0.055034,0.0175306,0.001693,778614,3.53068685399194e-11,0
19:19312164:C:T,T,C,0.042744,-0.0478099,0.0440544,0.2778,778614,0,0
19:19312841:T:A,A,T,0.065606,-0.0495118,0.0318425,0.12,778614,0,0
19:19314216:C:T,T,C,0.106362,0.191325,0.0272929,2.382e-12,778614,0,0
19:19315508:C:T,T,C,0.164016,-0.0264169,0.0232975,0.2568,778614,0,0
19:19315800:C:T,T,C,0.319085,0.0552461,0.0175376,0.001632,778614,7.78591519922101e-05,0
19:19318411:C:T,T,C,0.152087,0.1011558,0.0216468,2.968e-06,778614,0,0
19:19319106:C:T,T,C,0.166004,-0.0279962,0.0232889,0.2293,778614,0,0
19:19320671:C:A,A,C,0.040755,-0.0462517,0.0334566,0.1668,778614,0,0
19:19321154:G:T,T,G,0.672962,-0.0568864,0.0174161,0.00109,778614,4.77395900588817e-15,0
19:19321607:G:A,A,G,0.044732,-0.0401422,0.0407351,0.3244,778614,0,0
19:19322296:C:T,T,C,0.672962,-0.0565896,0.0174166,0.001157,778614,5.55111512312578e-16,0
19:19323541:C:T,T,C,0.673956,-0.0565583,0.0174168,0.001165,778614,0.69494280583617,5
19:19325067:G:A,A,G,0.827038,0.0237687,0.0227586,0.2963,778614,1,2
19:19325758:C:T,T,C,0.040755,-0.046452,0.033451,0.1649,778614,0,0
19:19326045:G:A,A,G,0.673956,-0.0565687,0.0174167,0.001162,778614,0.79958251480914,5
19:19329257:C:T,T,C,0.673956,-0.0510017,0.0174446,0.00346,778614,0,0
19:19330055:C:T,T,C,0.67495,-0.0544576,0.017414,0.001765,778614,0,0
19:19332657:C:T,T,C,0.673956,-0.0570856,0.0174001,0.001035,778614,0,0
19:19333184:G:A,A,G,0.039761,-0.0469255,0.0451385,0.2985,778614,0,0
19:19335047:C:T,T,C,0.152087,0.1007155,0.0216341,3.233e-06,778614,0,0
19:19335060:G:A,A,G,0.040755,-0.0483739,0.0334175,0.1477,778614,0,0
19:19336127:G:A,A,G,0.682903,-0.0607991,0.0175194,0.0005197,778614,0,0
19:19337999:G:A,A,G,0.152087,0.1006772,0.0216388,3.277e-06,778614,0,0
19:19338877:G:T,T,G,0.673956,-0.0569285,0.0173993,0.001068,778614,0,0
19:19339177:C:T,T,C,0.012922,-0.075027,0.0506241,0.1383,778614,0,0
19:19341440:G:A,A,G,0.152087,0.1008248,0.0216382,3.169e-06,778614,0,0
19:19342751:C:A,A,C,0.673956,-0.0568304,0.0173983,0.001089,778614,0,0
19:19344019:G:A,A,G,0.671968,-0.0566481,0.0173987,0.00113,778614,0,0
19:19345455:C:T,T,C,0.05666,-0.0408616,0.0300142,0.1734,778614,0,0
19:19346108:C:T,T,C,0.091451,0.2265895,0.0297386,2.549e-14,778614,0,0
19:19348406:C:T,T,C,0.150099,0.1020838,0.0216241,2.349e-06,778614,0,0
19:19348745:C:T,T,C,0.153082,0.1068883,0.021536,6.933e-07,778614,1,1
19:19349732:G:C,C,G,0.063618,0.2810094,0.0326406,7.357e-18,778614,0,0
19:19349893:C:T,T,C,0.827038,0.0228703,0.0226895,0.3135,778614,0,0
19:19351797:G:A,A,G,0.152087,0.1014555,0.0216268,2.716e-06,778614,0,0
19:19354720:G:A,A,G,0.152087,0.1021198,0.0216707,2.449e-06,778614,0,0
19:19355460:C:T,T,C,0.152087,0.1029441,0.021657,2e-06,778614,0,0
19:19356276:G:C,C,G,0.827038,0.0238328,0.0226667,0.2931,778614,0,0
19:19356736:C:T,T,C,0.11332,0.1677669,0.0259559,1.023e-10,778614,0,0
19:19357187:T:A,A,T,0.152087,0.1033298,0.0216843,1.887e-06,778614,0,0
19:19357451:C:T,T,C,0.007952,-0.0864879,0.0762516,0.2567,778614,0,0
19:19357716:G:A,A,G,0.04672,0.0216305,0.0366012,0.5545,778614,0,0
19:19357925:G:A,A,G,0.673956,-0.0563035,0.0174042,0.001216,778614,0,0
19:19360874:C:T,T,C,0.671968,-0.057223,0.017337,0.0009646,778614,0,0
19:19360996:G:A,A,G,0.671968,-0.0578686,0.0173362,0.0008438,778614,0,0
19:19362616:G:A,A,G,0.015905,0.0058912,0.0640096,0.9267,778614,0,0
19:19363681:G:A,A,G,0.035785,-0.0518483,0.0347799,0.136,778614,0,0
19:19364279:G:A,A,G,0.675944,-0.0562124,0.0173797,0.001219,778614,0,0
19:19364740:G:A,A,G,0.035785,-0.0523034,0.0347524,0.1323,778614,0,0
19:19364908:G:C,C,G,0.675944,-0.0547835,0.0173796,0.001621,778614,0,0
19:19365556:G:A,A,G,0.666004,-0.0512148,0.0173149,0.003098,778614,0,0
19:19367213:G:T,T,G,0.668986,-0.0551914,0.0172997,0.001421,778614,0,0
19:19367214:G:T,T,G,0.668986,-0.0553463,0.0172965,0.001375,778614,0,0
19:19367242:C:T,T,C,0.829026,0.0269456,0.0227155,0.2355,778614,0,0
19:19369127:C:A,A,C,0.673956,-0.05303,0.0173493,0.002239,778614,0,0
19:19369290:G:A,A,G,0.673956,-0.0528242,0.0173484,0.002328,778614,0,0
19:19369764:G:A,A,G,0.039761,-0.0471299,0.0342621,0.169,778614,0,0
19:19370570:G:T,T,G,0.673956,-0.0524247,0.0173502,0.002515,778614,0,0
19:19370797:G:A,A,G,0.673956,-0.0524048,0.0173501,0.002524,778614,0,0
19:19371799:C:T,T,C,0.672962,-0.0524242,0.0173445,0.002507,778614,0,0
19:19372073:G:A,A,G,0.672962,-0.0521554,0.0173531,0.002651,778614,0,0
19:19373486:G:A,A,G,0.667992,-0.0535176,0.0172839,0.001959,778614,0,0
19:19375608:G:A,A,G,0.038767,-0.0464891,0.034303,0.1753,778614,0,0
19:19375699:C:T,T,C,0.093439,-0.0713402,0.0316733,0.0243,778614,0,0
19:19383674:G:A,A,G,0.063618,0.2571345,0.0326058,3.116e-15,778614,0,0
19:19384843:C:T,T,C,0.012922,-0.0761461,0.0496455,0.1251,778614,0,0
19:19385145:G:A,A,G,0.663022,-0.0551052,0.0172994,0.001446,778614,1,4
19:19388159:G:A,A,G,0.076541,0.0245773,0.0398179,0.5371,778614,0,0
19:19388780:C:T,T,C,0.013917,-0.0775205,0.0497799,0.1194,778614,0,0
19:19394278:C:T,T,C,0.110338,0.1815288,0.0265916,8.698e-12,778614,0,0
19:19394739:C:T,T,C,0.16998,-0.0268746,0.022719,0.2368,778614,0,0
19:19395181:G:A,A,G,0.016899,-0.0959169,0.0444678,0.03101,778614,0,0
19:19395283:C:T,T,C,0.110338,0.182095,0.0266026,7.647e-12,778614,0,0
19:19395444:G:C,C,G,0.076541,0.0233614,0.0397181,0.5564,778614,0,0
19:19397329:G:A,A,G,0.039761,-0.0501057,0.0341087,0.1418,778614,0,0
19:19398892:C:T,T,C,0.170974,-0.0266927,0.0227207,0.2401,778614,0,0
19:19401508:C:T,T,C,0.16998,-0.0262918,0.0227186,0.2472,778614,0,0
19:19401946:G:A,A,G,0.16998,-0.026251,0.0227183,0.2479,778614,0,0
19:19403220:G:T,T,G,0.038767,-0.0506501,0.0341305,0.1378,778614,0,0
19:19407507:T:A,A,T,0.336978,0.0553301,0.0172938,0.001377,778614,0.223683751465753,3
19:19408709:G:T,T,G,0.336978,0.0554024,0.0172942,0.001358,778614,0.993464205884517,7
19:19411748:G:A,A,G,0.326044,0.0527671,0.0173281,0.002325,778614,0,0
19:19413296:G:A,A,G,0.16998,-0.0258326,0.0227193,0.2555,778614,0,0
19:19418012:C:A,A,C,0.327038,0.0525351,0.0173276,0.00243,778614,0,0
19:19419461:G:A,A,G,0.336978,0.0553611,0.0172946,0.001369,778614,0,0
19:19419781:G:C,C,G,0.16998,-0.0256528,0.0227203,0.2589,778614,0,0
19:19421873:G:A,A,G,0.16501,0.1004016,0.0213184,2.482e-06,778614,0,0
19:19425399:G:C,C,G,0.170974,-0.0258075,0.0227171,0.2559,778614,0,0
19:19429374:C:T,T,C,0.038767,-0.0511351,0.0341263,0.134,778614,0,0
19:19431643:G:A,A,G,0.032803,-0.0462991,0.0502174,0.3565,778614,0,0
19:19432462:C:T,T,C,0.16998,-0.0242798,0.0228292,0.2875,778614,0,0
19:19434290:G:A,A,G,0.153082,0.1002897,0.0214705,2.997e-06,778614,0,0
19:19434887:G:A,A,G,0.336978,0.0540307,0.0172851,0.001773,778614,0,0
19:19443916:C:T,T,C,0.16998,-0.0259079,0.0227261,0.2543,778614,0,0
19:19443994:G:A,A,G,0.327038,0.0518388,0.0173284,0.002776,778614,0,0
19:19445842:G:A,A,G,0.327038,0.0521921,0.0173263,0.002593,778614,0,0
19:19447659:G:A,A,G,0.16998,-0.0259726,0.0227246,0.2531,778614,0,0
19:19449180:G:A,A,G,0.16998,-0.0259692,0.0227246,0.2531,778614,0,0
19:19449254:C:T,T,C,0.16998,-0.0259689,0.0227247,0.2531,778614,0,0
19:19451444:C:T,T,C,0.036779,-0.0517574,0.0341895,0.1301,778614,0,0
19:19451523:C:T,T,C,0.32505,0.0519788,0.0173257,0.002699,778614,0,0
19:19451540:G:A,A,G,0.15507,0.0962753,0.0214345,7.069e-06,778614,0,0
19:19452093:G:A,A,G,0.16998,-0.0260827,0.0227236,0.251,778614,0,0
19:19454548:G:A,A,G,0.167992,-0.0241836,0.0227248,0.2872,778614,0,0
19:19457630:G:A,A,G,0.32505,0.0523923,0.0173309,0.002502,778614,0,0
19:19458214:C:T,T,C,0.16998,-0.02576,0.022714,0.2568,778614,0,0
19:19459746:G:C,C,G,0.16998,-0.02516,0.022731,0.2684,778614,0,0
19:19460943:G:A,A,G,0.164016,-0.0248984,0.0235098,0.2896,778614,0,0
19:19461411:G:T,T,G,0.110338,0.1826324,0.0266076,6.699e-12,778614,0,0
19:19463468:G:C,C,G,0.151093,0.1006727,0.0214665,2.735e-06,778614,0,0
19:19465136:G:A,A,G,0.151093,0.1003753,0.0214687,2.933e-06,778614,0,0
19:19465156:G:A,A,G,0.151093,0.0999313,0.021486,3.303e-06,778614,0,0
19:19467782:G:A,A,G,0.16998,-0.0257763,0.0227138,0.2564,778614,0,0
19:19472183:C:T,T,C,0.110338,0.1837732,0.0266158,5.032e-12,778614,0,0
19:19479213:C:T,T,C,0.006958,0.002975,0.0883583,0.9731,778614,0,0
19:19481423:T:A,A,T,0.16998,-0.0257115,0.0227146,0.2577,778614,0,0
19:19484205:C:T,T,C,0.153082,0.0969352,0.0214362,6.125e-06,778614,0,0
19:19486246:G:A,A,G,0.32505,0.0526399,0.0173247,0.002378,778614,0,0
19:19487404:G:A,A,G,0.036779,-0.0515184,0.0341829,0.1318,778614,0,0
19:19488933:G:C,C,G,0.040755,0.0309789,0.039391,0.4316,778614,0,0
19:19492012:G:C,C,G,0.15507,0.1008523,0.0213344,2.276e-06,778614,0,0
19:19492883:C:A,A,C,0.324056,0.0511323,0.0173571,0.00322,778614,0,0
19:19493397:C:T,T,C,0.16998,-0.0245838,0.0227199,0.2792,778614,0,0
19:19494954:C:T,T,C,0.32505,0.0531514,0.01733,0.002162,778614,0,0
19:19495154:C:T,T,C,0.151093,0.1004463,0.0214763,2.91e-06,778614,0,0
19:19495825:G:A,A,G,0.32505,0.053153,0.01733,0.002161,778614,0,0
19:19496039:C:T,T,C,0.010934,0.1015044,0.0690714,0.1417,778614,0,0
19:19499787:C:T,T,C,0.077535,0.2545394,0.0308787,1.677e-16,778614,0,0
19:19500741:C:A,A,C,0.32505,0.0534692,0.0173308,0.002034,778614,0,0
19:19502572:G:A,A,G,0.323062,0.0501066,0.0173628,0.003903,778614,0,0
19:19503480:G:A,A,G,0.16998,-0.0241896,0.0227178,0.287,778614,0,0
19:19505096:C:T,T,C,0.16998,-0.0236759,0.0227165,0.2973,778614,0,0
19:19505933:G:A,A,G,0.32505,0.0532945,0.0173309,0.002104,778614,0,0
19:19506208:C:T,T,C,0.16998,-0.0236811,0.0227165,0.2972,778614,0,0
19:19506325:G:A,A,G,0.036779,-0.0478432,0.0341766,0.1615,778614,0,0
19:19506847:G:A,A,G,0.036779,-0.0496773,0.034182,0.1461,778614,0,0
19:19509401:G:A,A,G,0.010934,0.1026298,0.0691271,0.1376,778614,0,0
19:19509491:G:C,C,G,0.080517,0.0281243,0.039183,0.4729,778614,0,0
19:19510388:G:A,A,G,0.105368,0.1821358,0.0271202,1.869e-11,778614,0,0
19:19510580:G:T,T,G,0.036779,-0.0481632,0.0341663,0.1586,778614,0,0
19:19515960:C:T,T,C,0.16998,-0.0218051,0.022761,0.3381,778614,0,0
19:19517431:C:T,T,C,0.16998,-0.0227908,0.0227011,0.3154,778614,0,0
19:19519193:G:A,A,G,0.170974,-0.0226476,0.0227147,0.3187,778614,0,0
19:19519494:C:T,T,C,0.033797,-0.0413578,0.0491849,0.4004,778614,0,0
19:19520139:C:T,T,C,0.16998,-0.0227293,0.0227106,0.3169,778614,0,0
19:19521569:C:T,T,C,0.015905,-0.0151303,0.0635771,0.8119,778614,0,0
19:19523099:G:A,A,G,0.16998,-0.0229344,0.0227183,0.3127,778614,0,0
19:19523191:G:C,C,G,0.033797,-0.040694,0.0491809,0.408,778614,0,0
19:19526628:G:A,A,G,0.16998,-0.0228603,0.0227216,0.3144,778614,0,0
19:19526972:C:T,T,C,0.170974,-0.0226385,0.0227214,0.3191,778614,0,0
19:19526984:C:T,T,C,0.010934,0.1003387,0.0691062,0.1465,778614,0,0
19:19527409:G:A,A,G,0.170974,-0.0226485,0.0227217,0.3189,778614,0,0
19:19528639:C:T,T,C,0.16998,-0.0228544,0.0227159,0.3144,778614,0,0
19:19531986:C:T,T,C,0.109344,0.1752462,0.0267373,5.587e-11,778614,0,0
19:19532219:C:A,A,C,0.322068,0.0504305,0.0173686,0.00369,778614,0,0
19:19532906:G:A,A,G,0.168986,-0.0226886,0.0227321,0.3182,778614,0,0
19:19534836:C:A,A,C,0.166998,-0.0228828,0.0227243,0.3139,778614,0,0
19:19536651:C:T,T,C,0.166998,-0.0230122,0.0227311,0.3114,778614,0,0
19:19537537:G:C,C,G,0.322068,0.0507737,0.0173642,0.003455,778614,0,0
19:19537904:G:A,A,G,0.166998,-0.0228563,0.0227383,0.3148,778614,0,0
19:19538518:G:C,C,G,0.166998,-0.0230635,0.0227368,0.3104,778614,0,0
19:19540768:C:T,T,C,0.147117,0.1014582,0.0219252,3.702e-06,778614,0,0
19:19541348:G:A,A,G,0.167992,-0.0228613,0.02274,0.3147,778614,0,0
19:19541967:G:A,A,G,0.167992,-0.0229947,0.0227469,0.3121,778614,0,0
19:19543308:G:C,C,G,0.172962,-0.0171874,0.0222545,0.4399,778614,0,0
19:19543380:G:A,A,G,0.166004,-0.0229581,0.0227664,0.3133,778614,0,0
19:19544861:C:T,T,C,0.166004,-0.0236675,0.0228534,0.3004,778614,0,0
19:19545806:C:T,T,C,0.166004,-0.024294,0.0228552,0.2878,778614,0,0
19:19546232:G:A,A,G,0.032803,0.0161734,0.0400495,0.6863,778614,0,0
19:19546334:C:T,T,C,0.00497,0.046176,0.0892142,0.6047,778614,0,0
19:19546389:C:T,T,C,0.164016,-0.0238736,0.0228796,0.2967,778614,0,0
19:19546691:G:A,A,G,0.157058,0.0932164,0.0207672,7.168e-06,778614,0,0
19:19547423:C:A,A,C,0.00994,0.1033673,0.0689047,0.1336,778614,0,0
19:19547663:G:T,T,G,0.074553,0.2535476,0.031037,3.104e-16,778614,0,0
19:19548276:C:T,T,C,0.052684,-0.0305867,0.0312576,0.3278,778614,0,0
19:19549768:G:A,A,G,0.0666,0.0013031,0.0369909,0.9719,778614,0,0
19:19551411:C:T,T,C,0.072565,0.2552856,0.0312148,2.877e-16,778614,0,0
19:19552023:G:C,C,G,0.963221,0.1191835,0.0561542,0.0338,778614,0,0
19:19553268:C:T,T,C,0.072565,0.2486476,0.0311045,1.307e-15,778614,0,0
19:19554772:G:A,A,G,0.111332,0.1167385,0.0228854,3.378e-07,778614,0,0
19:19555697:G:A,A,G,0.252485,-0.0348638,0.0187923,0.06357,778614,0,0
19:19558632:G:C,C,G,0.805169,0.0434957,0.0219137,0.04716,778614,0,0
19:19558698:G:T,T,G,0.43837,-0.0110296,0.0163848,0.5008,778614,0,0
19:19559801:G:A,A,G,0.073559,0.252231,0.0310298,4.34e-16,778614,0,0
19:19560312:C:T,T,C,0.435388,-0.0117449,0.0164218,0.4745,778614,0,0
19:19560457:C:T,T,C,0.073559,0.2548676,0.0310646,2.317e-16,778614,0,0
19:19561458:C:T,T,C,0.254473,-0.0362666,0.0187476,0.05306,778614,0,0
19:19561508:T:A,A,T,0.371769,0.0354964,0.0165133,0.03159,778614,0,0
19:19564558:G:T,T,G,0.692843,-0.0441424,0.0175275,0.01179,778614,0,0
19:19564887:C:T,T,C,0.073559,0.2547522,0.0310624,2.378e-16,778614,0,0
19:19565857:G:A,A,G,0.434394,-0.0126652,0.0164283,0.4407,778614,0,0
19:19566201:C:T,T,C,0.434394,-0.0121723,0.0164258,0.4587,778614,0,0
19:19569183:G:C,C,G,0.692843,-0.0470877,0.0175347,0.007244,778614,0,0
19:19569841:C:T,T,C,0.432406,-0.0117388,0.0164342,0.475,778614,0,0
19:19577820:G:C,C,G,0.43837,-0.0097633,0.0163976,0.5516,778614,0,0
19:19577837:G:A,A,G,0.253479,-0.039327,0.018777,0.03622,778614,0,0
19:19578382:C:T,T,C,0.042744,0.0601581,0.0440024,0.1716,778614,0,0
19:19578824:G:A,A,G,0.257455,-0.0361542,0.0186193,0.05217,778614,0,0
19:19579913:G:A,A,G,0.253479,-0.039068,0.0187803,0.0375,778614,0,0
19:19582490:G:A,A,G,0.251491,-0.0414415,0.0187868,0.02739,778614,0,0
19:19584419:C:T,T,C,0.076541,0.2572592,0.0307273,5.648e-17,778614,0,0
19:19586161:C:A,A,C,0.251491,-0.0425377,0.0187601,0.02336,778614,0,0
19:19589743:C:T,T,C,0.077535,0.2545758,0.0306634,1.022e-16,778614,0,0
19:19591575:G:A,A,G,0.064612,0.2758577,0.0327879,3.983e-17,778614,0,0
19:19592953:C:T,T,C,0.087475,-0.0034926,0.033329,0.9165,778614,0,0
19:19600330:C:T,T,C,0.076541,0.2580059,0.0306805,4.12e-17,778614,0,0
19:19601725:G:C,C,G,0.253479,-0.0423284,0.0187537,0.024,778614,0,0
19:19601988:C:T,T,C,0.052684,0.0200226,0.0392472,0.6099,778614,0,0
19:19602544:C:T,T,C,0.251491,-0.0424162,0.0187552,0.02372,778614,0,0
19:19604077:G:A,A,G,0.059642,0.0134187,0.0355411,0.7058,778614,0,0
19:19604182:C:A,A,C,0.062624,-0.0020564,0.036563,0.9551,778614,0,0
19:19604852:G:A,A,G,0.252485,-0.0410608,0.0187127,0.02822,778614,0,0
19:19605749:C:T,T,C,0.077535,0.2529593,0.030903,2.709e-16,778614,0,0
19:19609219:C:A,A,C,0.258449,-0.0395362,0.0186823,0.03432,778614,0,0
19:19609590:C:T,T,C,0.077535,0.2537019,0.0308838,2.127e-16,778614,0,0
19:19610252:G:A,A,G,0.766402,0.0393774,0.0191435,0.03969,778614,0,0
19:19610913:G:A,A,G,0.077535,0.2573357,0.0308834,7.915e-17,778614,0,0
19:19611167:C:T,T,C,0.077535,0.2576283,0.0308947,7.497e-17,778614,0,0
19:19612406:C:T,T,C,0.077535,0.2554602,0.0308665,1.271e-16,778614,0,0
19:19613074:C:T,T,C,0.435388,-0.0122112,0.0164169,0.457,778614,0,0
19:19615213:G:A,A,G,0.077535,0.256376,0.0308845,1.031e-16,778614,0,0
19:19616233:C:T,T,C,0.424453,-0.0094567,0.0164543,0.5655,778614,0,0
19:19617262:C:T,T,C,0.250497,-0.04583,0.018775,0.01465,778614,0,0
19:19618385:C:T,T,C,0.037773,-0.0293957,0.0318175,0.3555,778614,0,0
19:19622431:C:T,T,C,0.043738,0.0583274,0.0453602,0.1985,778614,0,0
19:19623155:G:A,A,G,0.037773,-0.0295846,0.0317988,0.3522,778614,0,0
19:19623355:G:A,A,G,0.248509,-0.0442577,0.0187538,0.01828,778614,0,0
19:19623730:C:T,T,C,0.429423,-0.010696,0.0164436,0.5154,778614,0,0
19:19626877:C:T,T,C,0.247515,-0.046036,0.0187587,0.01412,778614,0,0
19:19627745:G:A,A,G,0.506958,0.0623456,0.0162272,0.000122,778614,0,0
19:19631942:G:C,C,G,0.765408,0.0389883,0.0189947,0.04011,778614,0,0
19:19632289:C:T,T,C,0.508946,0.0649248,0.0162232,6.281e-05,778614,0,0
19:19633643:C:T,T,C,0.502982,0.0684833,0.0162095,2.391e-05,778614,0,0
19:19634670:C:T,T,C,0.052684,0.0081403,0.0395547,0.8369,778614,0,0
19:19635342:G:T,T,G,0.080517,0.2305235,0.0304686,3.851e-14,778614,0,0
19:19637763:G:A,A,G,0.242545,-0.0507346,0.0188625,0.007152,778614,0,0
19:19639046:C:T,T,C,0.242545,-0.0505507,0.018869,0.007384,778614,0,0
19:19639710:G:A,A,G,0.012922,-0.0258345,0.0771372,0.7377,778614,0,0
19:19640647:C:A,A,C,0.841948,0.0464378,0.0211121,0.02784,778614,0,0
19:19640973:G:C,C,G,0.088469,0.0018695,0.0331631,0.955,778614,0,0
19:19642483:G:A,A,G,0.418489,-0.0069929,0.0165811,0.6732,778614,0,0
19:19643073:C:T,T,C,0.314115,-0.0473146,0.0181226,0.009033,778614,0,0
19:19643340:G:C,C,G,0.237575,-0.0407082,0.0195244,0.03707,778614,0,0
19:19644133:C:T,T,C,0.030815,-0.0153321,0.0327711,0.6399,778614,0,0
19:19645137:G:A,A,G,0.187873,-0.0383368,0.0228942,0.09403,778614,0,0
19:19646873:C:T,T,C,0.187873,-0.0414489,0.0229466,0.07087,778614,0,0
19:19647335:G:A,A,G,0.017893,-0.0298109,0.0584996,0.6103,778614,0,0
19:19647924:C:T,T,C,0.033797,-0.1453026,0.0505725,0.004064,778614,0,0
19:19649046:C:T,T,C,0.017893,-0.0495111,0.0593067,0.4038,778614,0,0
19:19650107:G:A,A,G,0.171968,-0.0290365,0.0233929,0.2145,778614,0,0
19:19650676:G:A,A,G,0.029821,-0.0171792,0.0328929,0.6015,778614,0,0
19:19651867:C:T,T,C,0.017893,-0.0318456,0.0583909,0.5855,778614,0,0
19:19652826:C:T,T,C,0.215706,-0.0370433,0.0198014,0.06138,778614,0,0
19:19654460:G:C,C,G,0.710736,0.0570716,0.0181025,0.001618,778614,0,0
19:19654759:C:T,T,C,0.236581,-0.0365308,0.019145,0.05638,778614,0,0
19:19655917:G:A,A,G,0.026839,-0.0286462,0.0511822,0.5757,778614,0,0
19:19655966:G:A,A,G,0.029821,-0.0177615,0.0330192,0.5906,778614,0,0
19:19658348:C:A,A,C,0.187873,-0.0390123,0.0228465,0.08771,778614,0,0
19:19658470:G:A,A,G,0.044732,0.0024635,0.0401997,0.9511,778614,0,0
19:19658881:C:T,T,C,0.247515,-0.0344816,0.0189633,0.06901,778614,0,0
19:19659525:C:T,T,C,0.026839,-0.0283672,0.0511913,0.5795,778614,0,0
19:19660121:T:A,A,T,0.026839,-0.0281567,0.0511919,0.5823,778614,0,0
19:19661564:G:A,A,G,0.955268,0.0897033,0.0418034,0.03189,778614,0,0
19:19661913:G:A,A,G,0.201789,-0.0257626,0.0217527,0.2363,778614,0,0
19:19663076:C:T,T,C,0.026839,-0.02836,0.051188,0.5796,778614,0,0
19:19663114:G:A,A,G,0.173956,-0.0286847,0.0232953,0.2182,778614,0,0
19:19664023:C:T,T,C,0.026839,-0.0283587,0.0511879,0.5796,778614,0,0
19:19664359:C:T,T,C,0.026839,-0.0269908,0.051184,0.598,778614,0,0
19:19665020:C:T,T,C,0.188867,-0.0370093,0.0228128,0.1047,778614,0,0
19:19665599:C:T,T,C,0.026839,-0.0283571,0.0511879,0.5796,778614,0,0
19:19665618:C:T,T,C,0.014911,-0.1245439,0.092059,0.1761,778614,0,0
19:19666005:C:T,T,C,0.217694,-0.036965,0.0213852,0.08389,778614,0,0
19:19666065:C:A,A,C,0.029821,-0.0178509,0.0328548,0.5869,778614,0,0
19:19666395:C:T,T,C,0.026839,-0.0283401,0.0511878,0.5798,778614,0,0
19:19666835:C:T,T,C,0.215706,-0.0379285,0.0213978,0.0763,778614,0,0
19:19667346:G:A,A,G,0.029821,-0.0174363,0.0328562,0.5956,778614,0,0
19:19668203:G:A,A,G,0.029821,-0.0174186,0.0328492,0.5959,778614,0,0
19:19669336:C:T,T,C,0.173956,-0.0294772,0.0233016,0.2059,778614,0,0
19:19671768:G:A,A,G,0.026839,-0.0265438,0.0511917,0.6041,778614,0,0
19:19674082:G:A,A,G,0.188867,-0.0364737,0.0228157,0.1099,778614,0,0
19:19676958:G:A,A,G,0.247515,-0.0338501,0.0189507,0.07406,778614,0,0
19:19680784:G:A,A,G,0.029821,-0.0185906,0.0328884,0.5719,778614,0,0
19:19681441:C:A,A,C,0.246521,-0.0343508,0.0189867,0.07042,778614,0,0
19:19682007:C:T,T,C,0.047714,-0.0179575,0.031349,0.5668,778614,0,0
19:19683972:C:T,T,C,0.029821,-0.0170131,0.0330566,0.6068,778614,0,0
19:19684521:C:T,T,C,0.22167,-0.0325403,0.0198841,0.1017,778614,0,0
19:19684751:C:A,A,C,0.410537,0.0376396,0.0170485,0.02726,778614,0,0
19:19685803:C:T,T,C,0.031809,0.0118636,0.0514526,0.8176,778614,0,0
19:19685811:G:A,A,G,0.167992,-0.0273062,0.0218811,0.2121,778614,0,0
19:19686687:G:C,C,G,0.05169,-0.0448001,0.0407404,0.2715,778614,0,0
19:19691608:G:A,A,G,0.052684,0.1382229,0.0407872,0.0007018,778614,0,0
19:19691661:G:A,A,G,0.222664,0.0218752,0.0208098,0.2932,778614,0,0
19:19691761:G:A,A,G,0.222664,0.0194832,0.0208359,0.3497,778614,0,0
19:19691863:C:T,T,C,0.016899,0.0317168,0.0448394,0.4794,778614,0,0
19:19692037:C:T,T,C,0.236581,0.0145428,0.0204317,0.4766,778614,0,0
19:19692824:G:A,A,G,0.020875,0.0307706,0.0443998,0.4883,778614,0,0
19:19693160:C:T,T,C,0.264414,0.0185749,0.0191724,0.3326,778614,0,0
19:19693526:G:T,T,G,0.044732,-0.0344259,0.0367715,0.3492,778614,0,0
19:19693867:C:A,A,C,0.038767,0.0355932,0.0385928,0.3564,778614,0,0
19:19694445:G:A,A,G,0.053678,0.1040818,0.0381352,0.006347,778614,0,0
19:19694765:C:T,T,C,0.149105,0.0116847,0.0232873,0.6158,778614,0,0
19:19695096:G:T,T,G,0.264414,0.0177283,0.0191375,0.3543,778614,0,0
19:19695202:C:T,T,C,0.413519,0.0202896,0.0167502,0.2258,778614,0,0
19:19695720:G:A,A,G,0.022863,0.0505003,0.0439893,0.251,778614,0,0
19:19695839:C:T,T,C,0.413519,0.020456,0.0167462,0.2219,778614,0,0
19:19696795:G:A,A,G,0.049702,-0.0438478,0.0405858,0.28,778614,0,0
19:19698243:C:T,T,C,0.243539,0.0143886,0.0201675,0.4756,778614,0,0
19:19699241:G:A,A,G,0.349901,0.0280308,0.0177245,0.1138,778614,0,0
19:19699364:G:A,A,G,0.049702,-0.0477383,0.0409788,0.244,778614,0,0
19:19700279:C:T,T,C,0.293241,0.0012282,0.0189504,0.9483,778614,0,0
19:19701105:G:A,A,G,0.363817,0.0008423,0.0172531,0.9611,778614,0,0
19:19701761:G:A,A,G,0.021869,0.0491743,0.0441704,0.2656,778614,0,0
19:19702129:C:T,T,C,0.060636,0.0720688,0.036411,0.04778,778614,0,0
19:19702693:C:T,T,C,0.020875,0.0454012,0.0442414,0.3048,778614,0,0
19:19704265:G:A,A,G,0.020875,0.0443654,0.0442558,0.3161,778614,0,0
19:19704472:C:T,T,C,0.020875,0.044331,0.0442555,0.3165,778614,0,0
19:19704819:G:C,C,G,0.020875,0.045171,0.044237,0.3072,778614,0,0
19:19704832:C:T,T,C,0.052684,0.1037503,0.0382289,0.006649,778614,0,0
19:19705276:G:C,C,G,0.245527,0.0138179,0.0202313,0.4946,778614,0,0
19:19706297:T:A,A,T,0.097416,-0.0425216,0.027764,0.1256,778614,0,0
19:19708306:C:A,A,C,0.238569,0.026414,0.0178094,0.138,778614,0,0
19:19709330:G:C,C,G,0.238569,0.0261319,0.0178083,0.1423,778614,0,0
19:19709657:G:A,A,G,0.096421,-0.0438843,0.027772,0.1141,778614,0,0
19:19709666:G:C,C,G,0.341948,-0.0064865,0.0177891,0.7154,778614,0,0
19:19709879:C:A,A,C,0.244533,0.0136547,0.0202315,0.4997,778614,0,0
19:19710286:C:A,A,C,0.045726,-0.0361459,0.0364251,0.321,778614,0,0
19:19711317:G:C,C,G,0.034791,-0.0275172,0.0451859,0.5425,778614,0,0
19:19712461:T:A,A,T,0.237575,0.0256575,0.0178164,0.1498,778614,0,0
19:19713380:G:A,A,G,0.077535,0.0170485,0.0368314,0.6435,778614,0,0
19:19714449:G:A,A,G,0.049702,-0.0437638,0.0408482,0.284,778614,0,0
19:19714623:C:T,T,C,0.045726,-0.0368125,0.0364088,0.312,778614,0,0
19:19715039:G:C,C,G,0.237575,0.0249513,0.017815,0.1613,778614,0,0
19:19715368:G:A,A,G,0.237575,0.0247323,0.017809,0.1649,778614,0,0
19:19715672:C:T,T,C,0.237575,0.0251397,0.0178148,0.1582,778614,0,0
19:19716071:C:T,T,C,0.237575,0.0253794,0.017816,0.1543,778614,0,0
19:19716392:G:A,A,G,0.052684,-0.0392874,0.0370445,0.2889,778614,0,0
19:19716698:C:T,T,C,0.052684,-0.0402639,0.0370345,0.2769,778614,0,0
19:19716915:C:T,T,C,0.244533,0.0134747,0.0202359,0.5055,778614,0,0
19:19717006:C:T,T,C,0.045726,-0.0366912,0.0364131,0.3136,778614,0,0
19:19717089:G:A,A,G,0.244533,0.0134265,0.0202361,0.507,778614,0,0
19:19717139:C:T,T,C,0.244533,0.013572,0.0202378,0.5025,778614,0,0
19:19719242:C:T,T,C,0.237575,0.0250986,0.0178158,0.1589,778614,0,0
19:19719335:T:A,A,T,0.237575,0.0251499,0.0178157,0.158,778614,0,0
19:19720119:C:T,T,C,0.244533,0.0128955,0.0202567,0.5244,778614,0,0
19:19720236:C:T,T,C,0.049702,-0.044774,0.0408331,0.2729,778614,0,0
19:19720502:G:A,A,G,0.020875,0.0199818,0.0475801,0.6745,778614,0,0
19:19720568:C:A,A,C,0.095427,-0.0424215,0.0278323,0.1275,778614,0,0
19:19720735:G:T,T,G,0.237575,0.0250742,0.0178156,0.1593,778614,0,0
19:19721006:G:A,A,G,0.246521,0.0135057,0.0202625,0.5051,778614,0,0
19:19729959:G:C,C,G,0.582505,0.0162346,0.0166944,0.3308,778614,0,0
19:19730634:C:T,T,C,0.262425,0.0239752,0.0177148,0.1759,778614,0,0
19:19730781:G:A,A,G,0.293241,0.0024295,0.0190006,0.8983,778614,0,0
19:19730943:C:T,T,C,0.05169,0.167782,0.0381392,1.087e-05,778614,0,0
19:19731244:G:A,A,G,0.237575,0.0240895,0.0178485,0.1771,778614,0,0
19:19731327:C:A,A,C,0.243539,0.0141101,0.020288,0.4867,778614,0,0
19:19731806:G:C,C,G,0.237575,0.0243194,0.0178461,0.173,778614,0,0
19:19732227:T:A,A,T,0.577535,0.0159206,0.0166984,0.3404,778614,0,0
19:19732447:C:T,T,C,0.050696,-0.043437,0.0409133,0.2884,778614,0,0
19:19735277:G:A,A,G,0.237575,0.0251203,0.0178695,0.1598,778614,0,0
19:19735618:G:A,A,G,0.045726,-0.0325139,0.0362504,0.3698,778614,0,0
19:19735637:C:T,T,C,0.026839,-0.0268758,0.0599187,0.6538,778614,0,0
19:19737196:C:T,T,C,0.04672,-0.0281849,0.0364099,0.4389,778614,0,0
19:19737396:C:T,T,C,0.025845,-0.0381842,0.0602587,0.5263,778614,0,0
19:19737995:C:A,A,C,0.230616,0.0272546,0.0180416,0.1309,778614,0,0
19:19738212:G:A,A,G,0.112326,0.0378251,0.026459,0.1528,778614,0,0
19:19738888:G:A,A,G,0.364811,0.0282303,0.0175194,0.1071,778614,0,0
19:19738904:C:T,T,C,0.311133,0.0067694,0.0182585,0.7108,778614,0,0
19:19742424:T:A,A,T,0.60338,0.0247547,0.0167288,0.1389,778614,0,0
19:19743832:C:T,T,C,0.068588,-0.0057156,0.0315366,0.8562,778614,0,0
19:19744371:C:T,T,C,0.068588,-0.0021931,0.0314329,0.9444,778614,0,0
19:19744845:C:T,T,C,0.352883,-0.0164349,0.0170311,0.3345,778614,0,0
19:19745084:G:A,A,G,0.352883,-0.0165045,0.017034,0.3326,778614,0,0
19:19745130:G:A,A,G,0.327038,0.0131629,0.0180492,0.4658,778614,0,0
19:19745330:G:A,A,G,0.0666,-0.0059201,0.031559,0.8512,778614,0,0
19:19745681:G:A,A,G,0.351889,-0.0168929,0.0170704,0.3224,778614,0,0
19:19747977:C:T,T,C,0.277336,-0.0069624,0.0178951,0.6972,778614,0,0
19:19748067:C:T,T,C,0.271372,-0.0165942,0.0185362,0.3707,778614,0,0
19:19749123:C:T,T,C,0.28827,-0.0248478,0.018243,0.1732,778614,0,0
19:19749686:C:T,T,C,0.26839,-0.0267958,0.0184362,0.1461,778614,0,0
19:19749714:G:A,A,G,0.260437,-0.0074019,0.017889,0.679,778614,0,0
19:19750071:G:A,A,G,0.256461,-0.0243359,0.0186796,0.1926,778614,0,0
19:19750113:G:A,A,G,0.259443,-0.0054711,0.0178812,0.7596,778614,0,0
19:19750873:C:T,T,C,0.048708,0.0473313,0.039298,0.2284,778614,0,0
19:19751588:C:T,T,C,0.27336,-0.0289756,0.018426,0.1158,778614,0,0
19:19752157:C:T,T,C,0.259443,-0.0056502,0.0178927,0.7522,778614,0,0
19:19752161:G:C,C,G,0.048708,0.0470578,0.0396084,0.2348,778614,0,0
19:19752439:G:A,A,G,0.83002,-0.0200519,0.0211671,0.3435,778614,0,0
19:19752531:G:C,C,G,0.043738,0.0055171,0.041262,0.8936,778614,0,0
19:19753149:C:T,T,C,0.109344,-0.0592699,0.0288706,0.04008,778614,0,0
19:19753462:G:A,A,G,0.082505,-0.0112786,0.0293095,0.7004,778614,0,0
19:19753500:G:T,T,G,0.034791,0.0381306,0.043743,0.3834,778614,0,0
19:19754040:C:T,T,C,0.166004,0.0265494,0.0232724,0.2539,778614,0,0
19:19754268:C:A,A,C,0.166004,0.0244913,0.0232867,0.2929,778614,0,0
19:19756080:G:T,T,G,0.5,-0.0165998,0.0163359,0.3096,778614,0,0
19:19756246:C:T,T,C,0.017893,0.1256417,0.0614407,0.04086,778614,0,0
19:19757814:C:T,T,C,0.416501,-0.0168597,0.0163142,0.3014,778614,0,0
19:19758616:C:T,T,C,0.017893,0.1266059,0.0597845,0.0342,778614,0,0
19:19758991:C:T,T,C,0.088469,-0.0049179,0.02887,0.8647,778614,0,0
19:19759375:G:A,A,G,0.017893,0.1230529,0.0595883,0.03892,778614,0,0
19:19760020:C:A,A,C,0.237575,-0.0216384,0.0198012,0.2745,778614,0,0
19:19760067:C:T,T,C,0.707753,-0.0021744,0.0179926,0.9038,778614,0,0
19:19760483:G:A,A,G,0.44334,0.0039025,0.0162623,0.8104,778614,0,0
19:19761564:C:T,T,C,0.449304,0.0052936,0.0162545,0.7447,778614,0,0
19:19761580:C:T,T,C,0.707753,-0.0024192,0.0179943,0.8931,778614,0,0
19:19761713:G:A,A,G,0.017893,0.1140847,0.0600663,0.05752,778614,0,0
19:19762117:G:A,A,G,0.44831,0.0051525,0.0162543,0.7513,778614,0,0
19:19762460:C:T,T,C,0.236581,-0.021424,0.0197783,0.2787,778614,0,0
19:19762831:G:T,T,G,0.449304,0.0045493,0.0162925,0.7801,778614,0,0
19:19764055:C:T,T,C,0.238569,-0.0216308,0.0198589,0.2761,778614,0,0
19:19765938:C:T,T,C,0.097416,-0.0021071,0.0281791,0.9404,778614,0,0
19:19767454:G:A,A,G,0.21173,-0.0308614,0.0216575,0.1542,778614,0,0
19:19767599:G:A,A,G,0.014911,0.1075556,0.0753898,0.1537,778614,0,0
19:19768005:C:T,T,C,0.87674,-0.0111317,0.0234967,0.6357,778614,0,0
19:19768317:G:A,A,G,0.39165,0.0438423,0.0165948,0.008244,778614,0,0
19:19768472:G:A,A,G,0.084493,-0.0208986,0.0342433,0.5417,778614,0,0
19:19769324:C:T,T,C,0.018887,-0.0790981,0.044603,0.07617,778614,0,0
19:19769557:G:T,T,G,0.338966,0.0474963,0.016874,0.004881,778614,0,0
19:19771667:C:T,T,C,0.168986,0.0286719,0.0208756,0.1696,778614,0,0
19:19772141:G:A,A,G,0.059642,-0.0099861,0.0395435,0.8006,778614,0,0
19:19773793:C:T,T,C,0.380716,0.0402943,0.0165869,0.01513,778614,0,0
19:19774041:C:T,T,C,0.022863,-0.0261169,0.0647017,0.6865,778614,0,0
19:19774042:G:A,A,G,0.084493,-0.0772793,0.0334305,0.0208,778614,0,0
19:19774267:C:A,A,C,0.492048,0.0296735,0.0162861,0.06845,778614,0,0
19:19776299:C:T,T,C,0.033797,-0.0586111,0.0493291,0.2348,778614,0,0
19:19776483:C:T,T,C,0.167992,0.0282604,0.0208368,0.175,778614,0,0
19:19777548:G:A,A,G,0.109344,-0.0351892,0.0294491,0.2321,778614,0,0
19:19780878:T:A,A,T,0.888668,0.0070024,0.0246469,0.7763,778614,0,0
19:19781072:C:T,T,C,0.080517,-0.0840106,0.0334627,0.01205,778614,0,0
19:19783024:G:T,T,G,0.372763,0.0353698,0.0166861,0.03403,778614,0,0
19:19784751:G:C,C,G,0.368787,0.0432499,0.0166235,0.009275,778614,0,0
19:19785074:G:A,A,G,0.039761,-0.0491932,0.0478258,0.3037,778614,0,0
19:19785306:C:T,T,C,0.367793,0.0428458,0.0166238,0.009956,778614,0,0
19:19785958:G:C,C,G,0.168986,0.029329,0.020809,0.1587,778614,0,0
19:19789348:G:A,A,G,0.080517,-0.0875422,0.0334126,0.008792,778614,0,0
19:19790004:G:A,A,G,0.369781,0.0425401,0.0166213,0.01049,778614,0,0
19:19790633:C:T,T,C,0.210736,0.0285437,0.0199226,0.1519,778614,0,0
19:19791121:G:A,A,G,0.917495,0.0222664,0.0285541,0.4355,778614,0,0
19:19792629:G:A,A,G,0.889662,0.0080253,0.0246553,0.7448,778614,0,0
19:19793310:T:A,A,T,0.026839,0.1123157,0.0578888,0.05236,778614,0,0
19:19793460:T:A,A,T,0.38171,0.0388646,0.0165764,0.01905,778614,0,0
19:19793701:G:A,A,G,0.201789,0.0350549,0.020135,0.08168,778614,0,0
19:19794202:C:T,T,C,0.192843,0.0351228,0.0202897,0.08344,778614,0,0
19:19797226:G:A,A,G,0.38171,0.0382794,0.0165883,0.02102,778614,0,0
19:19797307:G:T,T,G,0.192843,0.0350464,0.0202886,0.0841,778614,0,0
19:19797812:C:A,A,C,0.369781,0.0420655,0.0166303,0.01142,778614,0,0
19:19798911:C:T,T,C,0.369781,0.0421006,0.0166309,0.01136,778614,0,0
19:19799247:G:C,C,G,0.192843,0.0351496,0.0202887,0.08319,778614,0,0
19:19802499:T:A,A,T,0.062624,-0.0070971,0.0275307,0.7966,778614,0,0
19:19803704:G:A,A,G,0.199801,0.0349184,0.0201354,0.08289,778614,0,0
19:19804525:C:T,T,C,0.026839,0.113326,0.0577477,0.04971,778614,0,0
19:19807668:C:T,T,C,0.199801,0.0356214,0.0201456,0.07703,778614,0,0
19:19807816:G:T,T,G,0.047714,-0.0365663,0.0463219,0.4299,778614,0,0
19:19810158:C:A,A,C,0.167992,0.0306736,0.0208293,0.1409,778614,0,0
19:19812443:C:T,T,C,0.040755,0.049578,0.0436306,0.2558,778614,0,0
19:19814480:G:T,T,G,0.019881,0.0517686,0.0508282,0.3084,778614,0,0
19:19815175:G:T,T,G,0.366799,0.0418543,0.0166646,0.01202,778614,0,0
19:19818857:G:A,A,G,0.022863,-0.0162603,0.0643825,0.8006,778614,0,0
19:19820231:C:T,T,C,0.05666,0.0161438,0.0398203,0.6852,778614,0,0
19:19820657:G:C,C,G,0.266402,-0.0388666,0.0197345,0.0489,778614,0,0
19:19823970:C:T,T,C,0.022863,-0.1402535,0.0577151,0.01509,778614,0,0
19:19824118:G:A,A,G,0.33996,0.0375794,0.016827,0.02553,778614,0,0
19:19824453:G:A,A,G,0.33996,0.037491,0.0168268,0.02588,778614,0,0
19:19828491:C:A,A,C,0.132207,0.0184887,0.0226552,0.4144,778614,0,0
19:19829221:C:A,A,C,0.450298,0.0166288,0.0162486,0.3061,778614,0,0
19:19831287:G:C,C,G,0.007952,0.0043816,0.1069591,0.9673,778614,0,0
19:19833060:G:A,A,G,0.507952,0.0277042,0.0162171,0.08757,778614,0,0
19:19838400:G:A,A,G,0.196819,0.0295692,0.0200232,0.1397,778614,0,0
19:19840022:G:T,T,G,0.029821,-0.0025507,0.0652198,0.9688,778614,0,0
19:19844597:G:A,A,G,0.170974,-0.0334625,0.0231303,0.148,778614,0,0
19:19845687:C:T,T,C,0.294235,0.011932,0.0178236,0.5032,778614,0,0
